{"cameraMode":{"drawMode":0,"name":"Shaded","section":"Shading Mode"},"sceneLighting":true,"audioPlay":false,"sceneViewState":{"showFog":true,"showMaterialUpdate":false,"showSkybox":true,"showFlares":true,"showImageEffects":true,"showParticleSystems":true},"in2DMode":false,"pivot":{"x":-8.084684371948243,"y":-22.679628372192384,"z":-45.318336486816409},"rotation":{"x":0.08787014335393906,"y":-0.9003189206123352,"z":0.36880752444267275,"w":0.21428623795509339},"size":40.99211502075195,"orthographic":false}