{"cameraMode":{"drawMode":0,"name":"Shaded","section":"Shading Mode"},"sceneLighting":false,"audioPlay":false,"sceneViewState":{"showFog":true,"showMaterialUpdate":false,"showSkybox":false,"showFlares":true,"showImageEffects":true,"showParticleSystems":true},"in2DMode":false,"pivot":{"x":0.299652099609375,"y":6.445705890655518,"z":0.3475799560546875},"rotation":{"x":0.0246210265904665,"y":0.9669430255889893,"z":-0.2323455512523651,"w":0.10282360762357712},"size":467.17498779296877,"orthographic":false}